Nom du modèle,Temps d'entraînement,AUC-score_test,AUC-score_val,F1-score_test,F1-score_val,Précision-score_test,Précision-score_val,Rappel-score_test,Rappel-score_val,F-bêta-score_test,F-bêta-score_val,accuracy-score_test,accuracy-score_val
Régression Logistique Count Lemmatized,4.860323429107666,0.6975,0.6656249999999999,0.7012345679012345,0.6862170087976539,0.6926829268292682,0.6464088397790055,0.71,0.73125,0.6975290116046418,0.6660778836674335,0.6975,0.665625
Régression Logistique Count Stemmed,3.856266498565674,0.6875,0.6375,0.6913580246913581,0.6588235294117647,0.6829268292682927,0.6222222222222222,0.7,0.7,0.6875250100040016,0.6376262626262625,0.6875,0.6375
Régression Logistique TF-IDF Lemmatized,3.8474481105804443,0.7075,0.6749999999999999,0.7194244604316548,0.7045454545454546,0.6912442396313364,0.6458333333333334,0.75,0.775,0.7078832521579785,0.6763136288998358,0.7075,0.675
Régression Logistique TF-IDF Stemmed,3.6740403175354004,0.685,0.65,0.6956521739130436,0.676300578034682,0.6728971962616822,0.6290322580645161,0.72,0.73125,0.6851887519260401,0.650429762994609,0.685,0.65
